INSERT INTO titles (title, year)
	VALUES ('Titanic', 1997),
	('Oldboy', 2003), 
    ('Everything Everywhere All at Once', 2022),
    ('The Silence of the Lambs', 1991),
    ('The Matrix', 1999),
    ('Spirited Away', 2001),
    ('Chernobyl', 2019),
    ('12 Angry Men', 1957),
    ('Memento', 2000),
    ('The Dark Knight', 2008), 
    ('New Kids Turbo', 2010);

INSERT INTO actors (name, gender)
	VALUES ('Leonardo DiCaprio', 'm'),
	('Kate Winslet', 'f'),
    ('Choi Min-Sik', 'm'), 
    ('Yoo Ji-tae', 'm'), 
    ('Kang Hye-jeong', 'f'),
    ('Michelle Yeoh', 'f'),
    ('Stephanie Hsu', 'f'), 
    ('Jamie Lee Curtis', 'f'),
    ('Ke Huy Quan', 'm'), 
    ('Jodie Foster', 'f'), 
    ('Anthony Hopkins', 'm'), 
    ('Keanu Reeves', 'm'),
    ('Laurence Fishburne', 'm'),
    ('Carrie-Anne Moss', 'f'),
    ('Daveigh Chase', 'f'), 
    ('Suzanne Pleshette', 'f'),
    ('Miyu Irino', 'm'), 
    ('Jessie Buckley', 'f'), 
    ('Jared Harris', 'm'),
	('Stellan Skarsgård', 'm'), 
    ('Henry Fonda', 'm'),
    ('Lee J. Cobb', 'm'),
    ('Martin Balsam', 'm'), 
    ('Guy Pearce', 'm'), 
    ('Joe Pantoliano', 'm'), 
    ('Christian Bale', 'm'), 
    ('Heath Ledger', 'm'), 
    ('Aaron Eckhart', 'm'), 
    ('Huub Smit', 'm'), 
    ('Tim Haars', 'm');
    
INSERT INTO ratings (title_id, rating)
	VALUES (1, 3.9),
    (2, 4.2), 
    (3, 4),
    (4, 4.3), 
    (5, 4.4), 
    (6, 4.3), 
    (7, 4.7), 
    (8, 4.5), 
    (9, 4.2), 
    (10, 4.5), 
    (11, 3.2);
    
INSERT INTO producers (name)
	VALUES ('James Cameron'), 
	('Park Chan-Wook'), 
    ('Dan Kwan'), 
    ('Daniel Scheinert'), 
    ('Jonathan Demme'),
    ('Lana Wachowski'),
    ('Lilly Wachowski'),
    ('Hayao Miyazaki'),
    ('Craig Mazin'),
    ('Sidney Lumet'),
    ('Christopher Nolan'),
    ('Steffen Haars'),
    ('Flip Van der Kuil');

INSERT INTO title_producers (title_id, producer_id)
	VALUES (1, 1), 
    (2, 2),
    (3, 3),
    (3, 4),
    (4, 5),
    (5, 6),
    (5, 7),
    (6, 8),
    (7, 9),
    (8, 10),
    (9, 11),
    (10, 11),
    (11, 12),
    (11, 13);
